{"test_demo":1.823843375,"protest":24.4542723167,"procession":36.53795035,"accident":40.03595935,"vehicle_breakdown":40.793373375,"congestion":71.5353128167,"others":481.5352045583,"tree_fall":732.122042925,"construction":2945.22709705,"water_logging":3688.3307549167,"road_conditions":9236.3221424583,"pot_holes":12989.9147541833,"debris":86853.319001875}